{
  "session_id": "20251201_070825",
  "total_queries": 60,
  "timestamp": "2025-12-01T07:57:40.488193",
  "timing": {
    "avg_total_time": 2.892734440167745,
    "avg_retrieval_time": 0.030437405904134116,
    "avg_generation_time": 2.761303699016571,
    "max_total_time": 6.777307748794556,
    "min_total_time": 2.3230490684509277
  },
  "retrieval": {
    "avg_vector_results": 2.1166666666666667,
    "avg_kg_results": 1.0666666666666667,
    "avg_total_results": 3.183333333333333,
    "fusion_strategies": {
      "adaptive": 60
    }
  },
  "quality": {
    "avg_answer_length": 466.65,
    "avg_context_length": 1496.4666666666667,
    "avg_relevance_score": 0.40818783068783066
  },
  "resources": {
    "avg_memory_used_mb": 1.569921875,
    "max_memory_used_mb": 67.06640625,
    "avg_cpu_percent": 21.401666666666664
  },
  "model_config": {
    "embedding_provider": "sentence-transformers",
    "embedding_model": "BAAI/bge-small-en-v1.5",
    "llm_provider": "ollama",
    "llm_model": "llama3.2"
  }
}